dataset,note,annA,annB,n_pre,n_post,rules_fired,raw_pre,raw_post,kappa_pre,kappa_post,pabak_pre,pabak_post,f1_pre,f1_post
4CE,KUMC_7,Enci,Mo,371,361,106,0.6118598382749326,0.7423822714681441,0.29532803967604926,0.502968303551601,0.22371967654986524,0.4847645429362881,0.6682027649769585,0.7047619047619048
4CE,report03,Enci,Mo,334,332,33,0.8263473053892215,0.8554216867469879,0.47024721067600095,0.6358318098720293,0.652694610778443,0.7108433734939759,0.8909774436090225,0.9008264462809917
4CE,report04,Enci,Mo,299,299,53,0.7157190635451505,0.8060200668896321,0.25133296020266893,0.5827639303243191,0.43143812709030094,0.6120401337792643,0.8123620309050773,0.8497409326424871
CORAL,pdac_7,Enci,Mo,554,554,67,0.7725631768953068,0.8104693140794224,0.38250592689572205,0.5701110010789718,0.5451263537906137,0.6209386281588447,0.850356294536817,0.8594377510040161
CORAL,pdac_17,Enci,Mo,443,412,64,0.8803611738148984,0.8883495145631068,0.7426197340582967,0.7693955027742626,0.7607223476297968,0.7766990291262137,0.9055258467023173,0.9053497942386831
4CE,BCH_6,Mo,Enci,178,178,14,0.7696629213483146,0.7921348314606742,0.24809396249742421,0.42879444926279275,0.5393258426966292,0.5842696629213484,0.8581314878892734,0.8634686346863468
4CE,KUMC_1,Mo,Enci,190,178,50,0.6210526315789474,0.7078651685393258,0.16186741820855288,0.4192495921696574,0.24210526315789482,0.4157303370786516,0.7230769230769231,0.74
CORAL,pdac_14,Mo,Enci,656,653,108,0.7195121951219512,0.7549770290964778,0.3803250746973602,0.5100861850681322,0.4390243902439024,0.5099540581929556,0.7870370370370371,0.7746478873239436
CORAL,breastca_38,Mo,Enci,509,502,57,0.6777996070726916,0.7151394422310757,0.34583013337930824,0.4300979660532541,0.3555992141453832,0.43027888446215146,0.7132867132867133,0.7099391480730223
